region,district,city,neighborhood,mls,url,year,quarter,price_band,boundary_id,vendor,subtype,liveby_url,tech_contact
Cape Cod,Lower Cape,Brewster,,Cape Cod & Islands MLS,https://www.sothebysrealty.com/eng/capecod/magazines/market,"2018, 2019, 2020, 2021",4,,5bad813d7aa9ce0001247dc9,ccimls,SingleFamilyResidence,https://admin.liveby.com/preview.html?id=vYrv2gvmc8&neighborhood=Brewster&brokerage=liveby&features=map,kristin.kiceluk@sothebys.realty
Cape Cod,Lower Cape,Chatham,,Cape Cod & Islands MLS,https://www.sothebysrealty.com/eng/capecod/magazines/market,"2018, 2019, 2020, 2021",4,,5e78a71377d381411865d42c,ccimls,SingleFamilyResidence,https://admin.liveby.com/preview.html?id=Xfav2cUTc8&neighborhood=Chatham&brokerage=liveby&features=map,kristin.kiceluk@sothebys.realty
Cape Cod,Lower Cape,Eastham,,Cape Cod & Islands MLS,https://www.sothebysrealty.com/eng/capecod/magazines/market,"2018, 2019, 2020, 2021",4,,5bad812827456200019325e5,ccimls,SingleFamilyResidence,https://admin.liveby.com/preview.html?id=lsaw2YuSc8&neighborhood=Eastham&brokerage=liveby&features=map,kristin.kiceluk@sothebys.realty
Cape Cod,Lower Cape,Harwich,,Cape Cod & Islands MLS,https://www.sothebysrealty.com/eng/capecod/magazines/market,"2018, 2019, 2020, 2021",4,,5bad813f3878760001a61ba3,ccimls,SingleFamilyResidence,https://admin.liveby.com/preview.html?id=Xegv2SUic8&neighborhood=Harwich&brokerage=liveby&features=map,kristin.kiceluk@sothebys.realty
Cape Cod,Lower Cape,Orleans,,Cape Cod & Islands MLS,https://www.sothebysrealty.com/eng/capecod/magazines/market,"2018, 2019, 2020, 2021",4,,5bad812f18d5ab0001ebf900,ccimls,SingleFamilyResidence,https://admin.liveby.com/preview.html?id=njvv2SlRc8&neighborhood=Orleans&brokerage=liveby&features=map,kristin.kiceluk@sothebys.realty
Cape Cod,Lower Cape,,,Cape Cod & Islands MLS,https://www.sothebysrealty.com/eng/capecod/magazines/market,"2018, 2019, 2020, 2021",4,,5be61d43fc1f295d61255f3e,ccimls,SingleFamilyResidence,https://admin.liveby.com/preview.html?id=jdmv2YYWc8&neighborhood=Lower%20Cape&brokerage=liveby&features=map,kristin.kiceluk@sothebys.realty
Cape Cod,Mid Cape,Barnstable,Centerville,Cape Cod & Islands MLS,https://www.sothebysrealty.com/eng/capecod/magazines/market,"2018, 2019, 2020, 2021",4,,5e73f92a9ec42d6065a6b426,ccimls,SingleFamilyResidence,https://admin.liveby.com/preview.html?id=TiZv2Ujce8&neighborhood=Centerville&brokerage=liveby&features=map,kristin.kiceluk@sothebys.realty
Cape Cod,Mid Cape,Barnstable,Cotuit,Cape Cod & Islands MLS,https://www.sothebysrealty.com/eng/capecod/magazines/market,"2018, 2019, 2020, 2021",4,,5e73f92f9ec42d6065a6b428,ccimls,SingleFamilyResidence,https://admin.liveby.com/preview.html?id=lcTv2Wuve8&neighborhood=Cotuit&brokerage=liveby&features=map,kristin.kiceluk@sothebys.realty
Cape Cod,Mid Cape,Barnstable,Hyannisport / West Hyannisport,Cape Cod & Islands MLS,https://www.sothebysrealty.com/eng/capecod/magazines/market,"2018, 2019, 2020, 2021",4,,61f189a39d9c9700093604b5,ccimls,SingleFamilyResidence,https://admin.liveby.com/preview.html?id=VkUv2kSWe8&neighborhood=Hyannisport%20/%20West%20Hyannisport&brokerage=liveby&features=map,kristin.kiceluk@sothebys.realty
Cape Cod,Mid Cape,Barnstable,Osterville,Cape Cod & Islands MLS,https://www.sothebysrealty.com/eng/capecod/magazines/market,"2018, 2019, 2020, 2021",4,,5e743428203b81749b82877b,ccimls,SingleFamilyResidence,https://admin.liveby.com/preview.html?id=ZTWv2Woke8&neighborhood=Osterville&brokerage=liveby&features=map,kristin.kiceluk@sothebys.realty
Cape Cod,Mid Cape,Barnstable,,Cape Cod & Islands MLS,https://www.sothebysrealty.com/eng/capecod/magazines/market,"2018, 2019, 2020, 2021",4,,5bad81257aa9ce0001247dbf,ccimls,SingleFamilyResidence,https://admin.liveby.com/preview.html?id=poZv2gcge8&neighborhood=Barnstable&brokerage=liveby&features=map,kristin.kiceluk@sothebys.realty
Cape Cod,Mid Cape,Dennis,,Cape Cod & Islands MLS,https://www.sothebysrealty.com/eng/capecod/magazines/market,"2018, 2019, 2020, 2021",4,,5bad81233878760001a61b97,ccimls,SingleFamilyResidence,https://admin.liveby.com/preview.html?id=ZUjv2wVbd8&neighborhood=Dennis&brokerage=liveby&features=map,kristin.kiceluk@sothebys.realty
Cape Cod,Mid Cape,Yarmouth,,Cape Cod & Islands MLS,https://www.sothebysrealty.com/eng/capecod/magazines/market,"2018, 2019, 2020, 2021",4,,5bca1b37eb34994b1de83d9c,ccimls,SingleFamilyResidence,https://admin.liveby.com/preview.html?id=tSjv2ueld8&neighborhood=Yarmouth&brokerage=liveby&features=map,kristin.kiceluk@sothebys.realty
Cape Cod,Mid Cape,,,Cape Cod & Islands MLS,https://www.sothebysrealty.com/eng/capecod/magazines/market,"2018, 2019, 2020, 2021",4,,5be61d49fc1f295d61255f3f,ccimls,SingleFamilyResidence,https://admin.liveby.com/preview.html?id=hlZv2iZVe8&neighborhood=Mid%20Cape&brokerage=liveby&features=map,kristin.kiceluk@sothebys.realty
Cape Cod,Upper Cape,Bourne,,Cape Cod & Islands MLS,https://www.sothebysrealty.com/eng/capecod/magazines/market,"2018, 2019, 2020, 2021",4,,5bad8123a3e03e0001e8c08f,ccimls,SingleFamilyResidence,https://admin.liveby.com/preview.html?id=fXjv2iawf8&neighborhood=Bourne&brokerage=liveby&features=map,kristin.kiceluk@sothebys.realty
Cape Cod,Upper Cape,Falmouth,,Cape Cod & Islands MLS,https://www.sothebysrealty.com/eng/capecod/magazines/market,"2018, 2019, 2020, 2021",4,,5bad813127456200019325e9,ccimls,SingleFamilyResidence,https://admin.liveby.com/preview.html?id=hTou2aYtf8&neighborhood=Falmouth&brokerage=liveby&features=map,kristin.kiceluk@sothebys.realty
Cape Cod,Upper Cape,Mashpee,,Cape Cod & Islands MLS,https://www.sothebysrealty.com/eng/capecod/magazines/market,"2018, 2019, 2020, 2021",4,,5bad812a78f3d200012a24f8,ccimls,SingleFamilyResidence,https://admin.liveby.com/preview.html?id=lqtu2wZXf8&neighborhood=Mashpee&brokerage=liveby&features=map,kristin.kiceluk@sothebys.realty
Cape Cod,Upper Cape,Sandwich,,Cape Cod & Islands MLS,https://www.sothebysrealty.com/eng/capecod/magazines/market,"2018, 2019, 2020, 2021",4,,5bad815f78f3d200012a2510,ccimls,SingleFamilyResidence,https://admin.liveby.com/preview.html?id=njkv2kdbf8&neighborhood=Sandwich&brokerage=liveby&features=map,kristin.kiceluk@sothebys.realty
Cape Cod,Upper Cape,,,Cape Cod & Islands MLS,https://www.sothebysrealty.com/eng/capecod/magazines/market,"2018, 2019, 2020, 2021",4,,5be61d50fc1f295d61255f41,ccimls,SingleFamilyResidence,https://admin.liveby.com/preview.html?id=XcSv2Yaof8&neighborhood=Upper%20Cape&brokerage=liveby&features=map,kristin.kiceluk@sothebys.realty
Cape Cod,,,,Cape Cod & Islands MLS,https://www.sothebysrealty.com/eng/capecod/magazines/market,"2018, 2019, 2020, 2021",4,,5e6924fc79612a000118ad04,ccimls,SingleFamilyResidence,https://admin.liveby.com/preview.html?id=bihv2Uvnd8&neighborhood=Cape%20Cod&brokerage=liveby&features=map,kristin.kiceluk@sothebys.realty
Greater LA,Greater Los Angeles,Bel-Air / Holmby Hills,,"CLAW, CRMLS",https://www.sothebysrealty.com/eng/los-angeles-real-estate/magazines/market,"2018, 2019, 2020, 2021",4,,61c24b0394643000087b76b1,claw,"SingleFamilyResidence,Condominium",https://admin.liveby.com/preview.html?id=ZjVh1arvjH&neighborhood=Bel-Air%20/%20Holmby%20Hills&brokerage=liveby&features=map,clayton.ryan@sothebys.realty
Greater LA,Greater Los Angeles,Beverly Hills,,"CLAW, CRMLS",https://www.sothebysrealty.com/eng/los-angeles-real-estate/magazines/market,"2018, 2019, 2020, 2021",4,,5af612af58e8cb18e56cc0a8,claw,"SingleFamilyResidence,Condominium",https://admin.liveby.com/preview.html?id=RhRh1kWmjH&neighborhood=Beverly%20Hills&brokerage=liveby&features=map,clayton.ryan@sothebys.realty
Greater LA,Greater Los Angeles,Beverly Hills Post Office,,"CLAW, CRMLS",https://www.sothebysrealty.com/eng/los-angeles-real-estate/magazines/market,"2018, 2019, 2020, 2021",4,,5c89e62720427c0001889c78,claw,"SingleFamilyResidence,Condominium",https://admin.liveby.com/preview.html?id=ZpSh1gYnjH&neighborhood=Beverly%20Hills%20Post%20Office&brokerage=liveby&features=map,clayton.ryan@sothebys.realty
Greater LA,Greater Los Angeles,Brentwood,,"CLAW, CRMLS",https://www.sothebysrealty.com/eng/los-angeles-real-estate/magazines/market,"2018, 2019, 2020, 2021",4,,5dc2ffdd7050fc0001baa8e2,claw,"SingleFamilyResidence,Condominium",https://stage.admin.liveby.com/preview.html?stage=true&id=TZRh1gpXkH&neighborhood=Brentwood&brokerage=liveby&features=map,clayton.ryan@sothebys.realty
Greater LA,Greater Los Angeles,Downtown Los Angeles,,"CLAW, CRMLS",https://www.sothebysrealty.com/eng/los-angeles-real-estate/magazines/market,"2018, 2019, 2020, 2021",4,,5a1ee5553e8deb6c7853b32b,claw,"SingleFamilyResidence,Condominium",https://admin.liveby.com/preview.html?id=Xdqg1spoiH&neighborhood=Downtown%20Los%20Angeles&brokerage=liveby&features=map,clayton.ryan@sothebys.realty
Greater LA,Greater Los Angeles,Hancock Park / Wilshire,,"CLAW, CRMLS",https://www.sothebysrealty.com/eng/los-angeles-real-estate/magazines/market,"2018, 2019, 2020, 2021",4,,61c24b04f6b53e00097bbb21,claw,"SingleFamilyResidence,Condominium",https://admin.liveby.com/preview.html?id=Zgtg1aRXjH&neighborhood=Hancock%20Park%20/%20Wilshire&brokerage=liveby&features=map,clayton.ryan@sothebys.realty
Greater LA,Greater Los Angeles,Los Feliz,,"CLAW, CRMLS",https://www.sothebysrealty.com/eng/los-angeles-real-estate/magazines/market,"2018, 2019, 2020, 2021",4,,5b88185dcb08460001e770c4,claw,"SingleFamilyResidence,Condominium",https://admin.liveby.com/preview.html?id=jqZh1mXUjH&neighborhood=Los%20Feliz&brokerage=liveby&features=map,clayton.ryan@sothebys.realty
Greater LA,Greater Los Angeles,Malibu,,"CLAW, CRMLS",https://www.sothebysrealty.com/eng/los-angeles-real-estate/magazines/market,"2018, 2019, 2020, 2021",4,,5a1ee6493e8deb6c7853b37a,claw,"SingleFamilyResidence,Condominium",https://stage.admin.liveby.com/preview.html?stage=true&id=rdog1STrlH&neighborhood=Malibu&brokerage=liveby&features=map,clayton.ryan@sothebys.realty
Greater LA,Greater Los Angeles,Pacific Palisades,,"CLAW, CRMLS",https://www.sothebysrealty.com/eng/los-angeles-real-estate/magazines/market,"2018, 2019, 2020, 2021",4,,5dc2ffddb74c7c0001c2cebc,claw,"SingleFamilyResidence,Condominium",https://admin.liveby.com/preview.html?id=bgvg1cTekH&neighborhood=Pacific%20Palisades&brokerage=liveby&features=map,clayton.ryan@sothebys.realty
Greater LA,Greater Los Angeles,Santa Monica,,"CLAW, CRMLS",https://www.sothebysrealty.com/eng/los-angeles-real-estate/magazines/market,"2018, 2019, 2020, 2021",4,,5a1ee6eb3e8deb6c7853b3b5,claw,"SingleFamilyResidence,Condominium",https://stage.admin.liveby.com/preview.html?stage=true&id=lfmg1acXkH&neighborhood=Santa%20Monica&brokerage=liveby&features=map,clayton.ryan@sothebys.realty
Greater LA,Greater Los Angeles,Silver Lake / Echo Park,,"CLAW, CRMLS",https://www.sothebysrealty.com/eng/los-angeles-real-estate/magazines/market,"2018, 2019, 2020, 2021",4,,61c24b047f5f46000940dd62,claw,"SingleFamilyResidence,Condominium",https://admin.liveby.com/preview.html?id=XbUh1soriH&neighborhood=Silver%20Lake%20/%20Echo%20Park&brokerage=liveby&features=map,clayton.ryan@sothebys.realty
Greater LA,Greater Los Angeles,Sunset Strip / Hoollywood Hills,,"CLAW, CRMLS",https://www.sothebysrealty.com/eng/los-angeles-real-estate/magazines/market,"2018, 2019, 2020, 2021",4,,61c24b07fc446500095a1dee,claw,"SingleFamilyResidence,Condominium",https://admin.liveby.com/preview.html?id=fXZh1cXejH&neighborhood=Sunset%20Strip%20/%20Hollywood%20Hills&brokerage=liveby&features=map,clayton.ryan@sothebys.realty
Greater LA,Greater Los Angeles,The Valley,,"CLAW, CRMLS",https://www.sothebysrealty.com/eng/los-angeles-real-estate/magazines/market,"2018, 2019, 2020, 2021",4,,5af6127a58e8cb18e56cc080,claw,"SingleFamilyResidence,Condominium",https://stage.admin.liveby.com/preview.html?stage=true&id=hsZi1altjH&neighborhood=San%20Fernando&brokerage=liveby&features=map,clayton.ryan@sothebys.realty
Greater LA,Greater Los Angeles,Topanga,,"CLAW, CRMLS",https://www.sothebysrealty.com/eng/los-angeles-real-estate/magazines/market,"2018, 2019, 2020, 2021",4,,5e542aa6ea210f0001ac6166,claw,"SingleFamilyResidence,Condominium",https://stage.admin.liveby.com/preview.html?stage=true&id=Tgsg1WrqkH&neighborhood=Topanga&brokerage=liveby&features=map,clayton.ryan@sothebys.realty
Greater LA,Greater Los Angeles,Venice,,"CLAW, CRMLS",https://www.sothebysrealty.com/eng/los-angeles-real-estate/magazines/market,"2018, 2019, 2020, 2021",4,,5a1ee74b3e8deb6c7853b3dd,claw,"SingleFamilyResidence,Condominium",https://admin.liveby.com/preview.html?id=npeg1gqRkH&neighborhood=Venice&brokerage=liveby&features=map,clayton.ryan@sothebys.realty
Greater LA,Greater Los Angeles,West Hollywood,,"CLAW, CRMLS",https://www.sothebysrealty.com/eng/los-angeles-real-estate/magazines/market,"2018, 2019, 2020, 2021",4,,5a1ee7773e8deb6c7853b3ef,claw,"SingleFamilyResidence,Condominium",https://admin.liveby.com/preview.html?id=huSh1aShjH&neighborhood=West%20Hollywood&brokerage=liveby&features=map,Mike.Dorazio@sothebys.realty
Greater LA,,,,"CLAW, CRMLS",https://www.sothebysrealty.com/eng/los-angeles-real-estate/magazines/market,"2018, 2019, 2020, 2021",4,,5af612c858e8cb18e56cc0ab,claw,"SingleFamilyResidence,Condominium",https://admin.liveby.com/preview.html?id=Tfkg1wddjH&neighborhood=Los%20Angeles&brokerage=liveby&features=map,clayton.ryan@sothebys.realty
Greater Ventura County,,Agoura Hills,,CLAW / CRMLS,https://www.sothebysrealty.com/eng/ventura-real-estate/magazines/market,"2018, 2019, 2020, 2021",4,,5e542aa1557d7a00016420a8,crmls,"SingleFamilyResidence,Townhouse,Condominium",https://admin.liveby.com/preview.html?id=bvdh1urolH&neighborhood=Agoura%20Hills&brokerage=liveby&features=map,david.doblan@sothebys.realty / Annette.Berger@Sothebys.Realty
Greater Ventura County,,Calabasas,,CLAW / CRMLS,https://www.sothebysrealty.com/eng/ventura-real-estate/magazines/market,"2018, 2019, 2020, 2021",4,,5e542aa10a57ee0001e1e1c6,crmls,"SingleFamilyResidence,Townhouse,Condominium",https://admin.liveby.com/preview.html?id=lXdh1cXblH&neighborhood=Calabasas&brokerage=liveby&features=map,david.doblan@sothebys.realty / Annette.Berger@Sothebys.Realty
Greater Ventura County,,Camarillo,,CLAW / CRMLS,https://www.sothebysrealty.com/eng/ventura-real-estate/magazines/market,"2018, 2019, 2020, 2021",4,,5af6129e58e8cb18e56cc09c,crmls,"SingleFamilyResidence,Townhouse,Condominium",https://admin.liveby.com/preview.html?id=dYvh1qUjnH&neighborhood=Camarillo&brokerage=liveby&features=map,david.doblan@sothebys.realty / Annette.Berger@Sothebys.Realty
Greater Ventura County,,Channel Islands (Oxnard),,CLAW / CRMLS,https://www.sothebysrealty.com/eng/ventura-real-estate/magazines/market,"2018, 2019, 2020, 2021",4,,5be6245dfc1f295d61256851,crmls,"SingleFamilyResidence,Townhouse,Condominium",https://admin.liveby.com/preview.html?id=tjlh1qRqoH&neighborhood=Oxnard%20Shores&brokerage=liveby&features=map,david.doblan@sothebys.realty / Annette.Berger@Sothebys.Realty
Greater Ventura County,,Lake Sherwood,,CLAW / CRMLS,https://www.sothebysrealty.com/eng/ventura-real-estate/magazines/market,"2018, 2019, 2020, 2021",4,,5af88b17dd318e254785d6de,crmls,"SingleFamilyResidence,Townhouse,Condominium",https://admin.liveby.com/preview.html?id=tqbh1sXimH&neighborhood=Lake%20Sherwood&brokerage=liveby&features=map,david.doblan@sothebys.realty / Annette.Berger@Sothebys.Realty
Greater Ventura County,,Moorpark / Simi Valley,,CLAW / CRMLS,https://www.sothebysrealty.com/eng/ventura-real-estate/magazines/market,"2018, 2019, 2020, 2021",4,,61c226d25bd69a00091a5a38,crmls,"SingleFamilyResidence,Townhouse,Condominium",https://admin.liveby.com/preview.html?id=TmXi1grtlH&neighborhood=Moorpark%20/%20Simi%20Valley&brokerage=liveby&features=map,david.doblan@sothebys.realty / Annette.Berger@Sothebys.Realty
Greater Ventura County,,Oak Park,,CLAW / CRMLS,https://www.sothebysrealty.com/eng/ventura-real-estate/magazines/market,"2018, 2019, 2020, 2021",4,,5af88c74dd318e254785d793,crmls,"SingleFamilyResidence,Townhouse,Condominium",https://admin.liveby.com/preview.html?id=bbkh1ieulH&neighborhood=Oak%20Park&brokerage=liveby&features=map,david.doblan@sothebys.realty / Annette.Berger@Sothebys.Realty
Greater Ventura County,,Thousand Oaks / Newbury Park,,CLAW / CRMLS,https://www.sothebysrealty.com/eng/ventura-real-estate/magazines/market,"2018, 2019, 2020, 2021",4,,61c226cefb60b4000856f857,crmls,"SingleFamilyResidence,Townhouse,Condominium",https://admin.liveby.com/preview.html?id=Zblh1sukmH&neighborhood=Thousand%20Oaks%20/%20Newbury%20Park&brokerage=liveby&features=map,david.doblan@sothebys.realty / Annette.Berger@Sothebys.Realty
Greater Ventura County,,Ventura,,CLAW / CRMLS,https://www.sothebysrealty.com/eng/ventura-real-estate/magazines/market,"2018, 2019, 2020, 2021",4,,5af6127e58e8cb18e56cc083,crmls,"SingleFamilyResidence,Townhouse,Condominium",https://admin.liveby.com/preview.html?id=ruYi1ogooH&neighborhood=San%20Buenaventura%20(Ventura)&brokerage=liveby&features=map,david.doblan@sothebys.realty / Annette.Berger@Sothebys.Realty
Greater Ventura County,,Westlake Village,,CLAW / CRMLS,https://www.sothebysrealty.com/eng/ventura-real-estate/magazines/market,"2018, 2019, 2020, 2021",4,,5e542aa5f8bd950001f85e9a,crmls,"SingleFamilyResidence,Townhouse,Condominium",https://admin.liveby.com/preview.html?id=vpah1cvbmH&neighborhood=Westlake%20Village&brokerage=liveby&features=map,david.doblan@sothebys.realty / Annette.Berger@Sothebys.Realty
Greater Ventura County,,,,CLAW / CRMLS,https://www.sothebysrealty.com/eng/ventura-real-estate/magazines/market,"2018, 2019, 2020, 2021",4,,61cb703a7f3bf7f3d143425e,crmls,"SingleFamilyResidence,Townhouse,Condominium",https://admin.liveby.com/preview.html?id=dZXi1wdWkH&neighborhood=Ventura%20County%20&%20Northern%20LA&brokerage=liveby&features=map,david.doblan@sothebys.realty / Annette.Berger@Sothebys.Realty
Greenwich,Greenwich,Cos Cob,,,https://www.sothebysrealty.com/eng/greenwich/magazines/market,"2018, 2019, 2020, 2021",4,,5e74745e203b81749b829d69,grw,SingleFamilyResidence,https://stage.admin.liveby.com/preview.html?stage=true&id=Rsjr2eoWS9&neighborhood=Cos%20Cob&brokerage=liveby&features=map,Mike.Dorazio@sothebys.realty
Greenwich,Greenwich,Greenwich,,,https://www.sothebysrealty.com/eng/greenwich/magazines/market,"2018, 2019, 2020, 2021",4,,5cc72d69830d9b0001838f1b,grw,SingleFamilyResidence,https://admin.liveby.com/preview.html?id=vYar2eiaS9&neighborhood=Greenwich&brokerage=liveby&features=map,Mike.Dorazio@sothebys.realty
Greenwich,Greenwich,Greenwich Proper,,,https://www.sothebysrealty.com/eng/greenwich/magazines/market,"2018, 2019, 2020, 2021",4,,5cc72d69830d9b0001838f1b,grw,SingleFamilyResidence,https://stage.admin.liveby.com/preview.html?stage=true&id=vYar2eiaS9&neighborhood=Greenwich&brokerage=liveby&features=map,Mike.Dorazio@sothebys.realty
Greenwich,Greenwich,Old Greenwich,,,https://www.sothebysrealty.com/eng/greenwich/magazines/market,"2018, 2019, 2020, 2021",4,,5e746a4d203b81749b829a73,grw,SingleFamilyResidence,https://stage.admin.liveby.com/preview.html?stage=true&id=lRhr2SSSS9&neighborhood=Old%20Greenwich&brokerage=liveby&features=map,Mike.Dorazio@sothebys.realty
Greenwich,Greenwich,Riverside,,,https://www.sothebysrealty.com/eng/greenwich/magazines/market,"2018, 2019, 2020, 2021",4,,5cc9b3706badb30001c78cce,grw,SingleFamilyResidence,https://stage.admin.liveby.com/preview.html?stage=true&id=Thcr2qdVS9&neighborhood=Riverside&brokerage=liveby&features=map,Mike.Dorazio@sothebys.realty
Hamptons,Hamptons,Amagansett / Montauk,,,https://www.sothebysrealty.com/eng/hamptons/magazines/market,"2018, 2019, 2020, 2021",4,,61c4d3246b1be90008c99b81,,SingleFamilyResidence,https://admin.liveby.com/preview.html?id=dUdr2klmo8&neighborhood=Amagansett%20/%20Montauk&brokerage=liveby&features=map,Lianne.Alcon@sothebys.realty / carla.cadzin@sothebys.realty
Hamptons,Hamptons,Bridgehampton,,,https://www.sothebysrealty.com/eng/hamptons/magazines/market,"2018, 2019, 2020, 2021",4,,5be63d0cfc1f295d61258b63,,SingleFamilyResidence,https://stage.admin.liveby.com/preview.html?stage=true&id=ZWuq2Updq8&neighborhood=Bridgehampton&brokerage=liveby&features=map,Lianne.Alcon@sothebys.realty / carla.cadzin@sothebys.realty
Hamptons,Hamptons,East Hampton,,,https://www.sothebysrealty.com/eng/hamptons/magazines/market,"2018, 2019, 2020, 2021",4,,5be63d64fc1f295d61258bc9,,SingleFamilyResidence,https://stage.admin.liveby.com/preview.html?stage=true&id=bRwq2cimp8&neighborhood=East%20Hampton&brokerage=liveby&features=map,Lianne.Alcon@sothebys.realty / carla.cadzin@sothebys.realty
Hamptons,Hamptons,Hamptons,,,https://www.sothebysrealty.com/eng/hamptons/magazines/market,"2018, 2019, 2020, 2021",4,,61c4d70695ce100008934c5f,,SingleFamilyResidence,https://admin.liveby.com/preview.html?id=Xuvq2kfYr8&neighborhood=Hamptons&brokerage=liveby&features=map,Lianne.Alcon@sothebys.realty / carla.cadzin@sothebys.realty
Hamptons,Hamptons,Sag Harbor,,,https://www.sothebysrealty.com/eng/hamptons/magazines/market,"2018, 2019, 2020, 2021",4,,5be63ec9fc1f295d61258d79,,SingleFamilyResidence,https://stage.admin.liveby.com/preview.html?stage=true&id=fuXr2mXYq8&neighborhood=Sag%20Harbor&brokerage=liveby&features=map,Lianne.Alcon@sothebys.realty / carla.cadzin@sothebys.realty
Hamptons,Hamptons,Southampton,,,https://www.sothebysrealty.com/eng/hamptons/magazines/market,"2018, 2019, 2020, 2021",4,,620ff859a4db2c0009d7f61a,,SingleFamilyResidence,https://stage.admin.liveby.com/preview.html?stage=true&id=VTsq2aXnq8&neighborhood=Southampton&brokerage=liveby&features=map,Lianne.Alcon@sothebys.realty / carla.cadzin@sothebys.realty
Hamptons,Hamptons,Westhampton,,,https://www.sothebysrealty.com/eng/hamptons/magazines/market,"2018, 2019, 2020, 2021",4,,5be63f48fc1f295d61258e12,,SingleFamilyResidence,https://stage.admin.liveby.com/preview.html?stage=true&id=ffZq2mees8&neighborhood=Westhampton&brokerage=liveby&features=map,Lianne.Alcon@sothebys.realty / carla.cadzin@sothebys.realty
Houston,,Atascocita Area,,HAR ,https://www.sothebysrealty.com/eng/houstontx/magazines/market,"2018, 2019, 2020, 2021",4,,61fc493d788805000988e13a,har,SingleFamilyResidence,https://admin.liveby.com/preview.html?stage=true&id=tlln0UtUWD&neighborhood=Atascocita%20Area&brokerage=liveby&features=map,Paul.Kilian@sothebys.realty / Gregg.VanHouten@sothebys.realty
Houston,,Bellaire,,HAR ,https://www.sothebysrealty.com/eng/houstontx/magazines/market,"2018, 2019, 2020, 2021",4,,61658a4539568700088591cf,har,SingleFamilyResidence,https://admin.liveby.com/preview.html?id=Xram0UdmXD&neighborhood=Bellaire&brokerage=liveby&features=map,Paul.Kilian@sothebys.realty / Gregg.VanHouten@sothebys.realty
Houston,,Braeswood Place,,HAR ,https://www.sothebysrealty.com/eng/houstontx/magazines/market,"2018, 2019, 2020, 2021",4,,6165877738ee4e0009c20c0a,har,SingleFamilyResidence,https://admin.liveby.com/preview.html?id=rkZm0wkgXD&neighborhood=Braeswood%20Place&brokerage=liveby&features=map,Paul.Kilian@sothebys.realty / Gregg.VanHouten@sothebys.realty
Houston,,Briargrove Park / Walnut Bend,,HAR ,https://www.sothebysrealty.com/eng/houstontx/magazines/market,"2018, 2019, 2020, 2021",4,,61c4a4ce162eb200082a1c5d,har,SingleFamilyResidence,https://admin.liveby.com/preview.html?id=vUkm0ghYYD&neighborhood=Briargrove%20Park%20/%20Walnut%20Bend&brokerage=liveby&features=map,Paul.Kilian@sothebys.realty / Gregg.VanHouten@sothebys.realty
Houston,,Central Area,,HAR ,https://www.sothebysrealty.com/eng/houstontx/magazines/market,"2018, 2019, 2020, 2021",4,,61fc493cfdc6bf0009c6e719,har,SingleFamilyResidence,https://stage.admin.liveby.com/preview.html?stage=true&id=jhjm0kVZXD&neighborhood=Central%20Area&brokerage=liveby&features=map,Paul.Kilian@sothebys.realty / Gregg.VanHouten@sothebys.realty
Houston,,Clear Lake,,HAR ,https://www.sothebysrealty.com/eng/houstontx/magazines/market,"2018, 2019, 2020, 2021",4,,61fd3d974f32f90009b86ab4,har,SingleFamilyResidence,https://stage.admin.liveby.com/preview.html?stage=true&id=Xkhl0UnRVD&neighborhood=Clear%20Lake&brokerage=liveby&features=map,Paul.Kilian@sothebys.realty / Gregg.VanHouten@sothebys.realty
Houston,,Cypress South Area,,HAR ,https://www.sothebysrealty.com/eng/houstontx/magazines/market,"2018, 2019, 2020, 2021",4,,61fc493f5590db0009dc1a78,har,SingleFamilyResidence,https://stage.admin.liveby.com/preview.html?stage=true&id=bXcn0ekSZD&neighborhood=Cypress%20South%20Area&brokerage=liveby&features=map,Paul.Kilian@sothebys.realty / Gregg.VanHouten@sothebys.realty
Houston,,East End Revitalized,,HAR ,https://www.sothebysrealty.com/eng/houstontx/magazines/market,"2018, 2019, 2020, 2021",4,,61658a5c3ffa2a0008a6bbce,har,SingleFamilyResidence,https://admin.liveby.com/preview.html?id=lUhm0mamWD&neighborhood=East%20End%20Revitalized&brokerage=liveby&features=map,Paul.Kilian@sothebys.realty / Gregg.VanHouten@sothebys.realty
Houston,,Energy Corridor,,HAR ,https://www.sothebysrealty.com/eng/houstontx/magazines/market,"2018, 2019, 2020, 2021",4,,61fc493c2d89d00009cf8cc9,har,SingleFamilyResidence,https://stage.admin.liveby.com/preview.html?stage=true&id=Zllm0UXiYD&neighborhood=Energy%20Corridor&brokerage=liveby&features=map,Paul.Kilian@sothebys.realty / Gregg.VanHouten@sothebys.realty
Houston,,Friendswood,,HAR ,https://www.sothebysrealty.com/eng/houstontx/magazines/market,"2018, 2019, 2020, 2021",4,,616587d6652f8300096b58fd,har,SingleFamilyResidence,https://admin.liveby.com/preview.html?id=hiYl0WWSWD&neighborhood=Friendswood&brokerage=liveby&features=map,Paul.Kilian@sothebys.realty / Gregg.VanHouten@sothebys.realty
Houston,,Greater Heights Area,,HAR ,https://www.sothebysrealty.com/eng/houstontx/magazines/market,"2018, 2019, 2020, 2021",4,,5a2f0d4a47a56025d5889e91,har,SingleFamilyResidence,https://admin.liveby.com/preview.html?id=jsrm0glbXD&neighborhood=Greater%20Heights&brokerage=liveby&features=map,Paul.Kilian@sothebys.realty / Gregg.VanHouten@sothebys.realty
Houston,,Hockley,,HAR ,https://www.sothebysrealty.com/eng/houstontx/magazines/market,"2018, 2019, 2020, 2021",4,,61fc493f8531bb0009abfff0,har,SingleFamilyResidence,https://stage.admin.liveby.com/preview.html?stage=true&id=nWlo0uZoZD&neighborhood=Hockley&brokerage=liveby&features=map,Paul.Kilian@sothebys.realty / Gregg.VanHouten@sothebys.realty
Houston,,Houston,,HAR ,https://www.sothebysrealty.com/eng/houstontx/magazines/market,"2018, 2019, 2020, 2021",4,,620ab42f4522a2ec0b8e3a69,har,SingleFamilyResidence,https://stage.admin.liveby.com/preview.html?stage=true&id=hvep0sRdcD&neighborhood=Greater%20Houston&brokerage=liveby&features=map,Paul.Kilian@sothebys.realty / Gregg.VanHouten@sothebys.realty
Houston,,Katy Area,,HAR ,https://www.sothebysrealty.com/eng/houstontx/magazines/market,"2018, 2019, 2020, 2021",4,,61fd391618368c0009ab3739,har,SingleFamilyResidence,https://admin.liveby.com/preview.html?id=djjm0gfiZD&neighborhood=Katy%20Area&brokerage=liveby&features=map,Paul.Kilian@sothebys.realty / Gregg.VanHouten@sothebys.realty
Houston,,Kingwood Area,,HAR ,https://www.sothebysrealty.com/eng/houstontx/magazines/market,"2018, 2019, 2020, 2021",4,,61658a8bebdefe0008c83143,har,SingleFamilyResidence,https://admin.liveby.com/preview.html?id=vcjo0uWRWD&neighborhood=Kingwood&brokerage=liveby&features=map,Paul.Kilian@sothebys.realty / Gregg.VanHouten@sothebys.realty
Houston,,Lake Conroe,,HAR ,https://www.sothebysrealty.com/eng/houstontx/magazines/market,"2018, 2019, 2020, 2021",4,,61658a8de6c2e10009a9cb96,har,SingleFamilyResidence,https://admin.liveby.com/preview.html?id=hbrq0mwhYD&neighborhood=Lake%20Conroe%20Area&brokerage=liveby&features=map,Paul.Kilian@sothebys.realty / Gregg.VanHouten@sothebys.realty
Houston,,League City,,HAR ,https://www.sothebysrealty.com/eng/houstontx/magazines/market,"2018, 2019, 2020, 2021",4,,61fc4941c0be1b0009f5d613,har,SingleFamilyResidence,https://stage.admin.liveby.com/preview.html?stage=true&id=tbRl0cYgVD&neighborhood=League%20City&brokerage=liveby&features=map,Paul.Kilian@sothebys.realty / Gregg.VanHouten@sothebys.realty
Houston,,Magnolia Area,,HAR ,https://www.sothebysrealty.com/eng/houstontx/magazines/market,"2018, 2019, 2020, 2021",4,,61fc49432bf027000912e80b,har,SingleFamilyResidence,https://admin.liveby.com/preview.html?id=jXdp0gdrYD&neighborhood=Magnolia%20Area&brokerage=liveby&features=map,Paul.Kilian@sothebys.realty / Gregg.VanHouten@sothebys.realty
Houston,,Medical / Museum District Area,,HAR ,https://www.sothebysrealty.com/eng/houstontx/magazines/market,"2018, 2019, 2020, 2021",4,,61c4a4cf3500d90008e083b8,har,SingleFamilyResidence,https://admin.liveby.com/preview.html?id=tRcm0UdYXD&neighborhood=Medical%20/%20Museum%20District%20Area&brokerage=liveby&features=map,Paul.Kilian@sothebys.realty / Gregg.VanHouten@sothebys.realty
Houston,,Memorial Close-In,,HAR ,https://www.sothebysrealty.com/eng/houstontx/magazines/market,"2018, 2019, 2020, 2021",4,,5d279e75f96e860001d9bf80,har,SingleFamilyResidence,https://admin.liveby.com/preview.html?id=Xenm0eUnXD&neighborhood=Memorial%20Close-in&brokerage=liveby&features=map,Paul.Kilian@sothebys.realty / Gregg.VanHouten@sothebys.realty
Houston,,Memorial Park / Washington Corridor Area,,HAR ,https://www.sothebysrealty.com/eng/houstontx/magazines/market,"2018, 2019, 2020, 2021",4,,61fc493d7617500009759641,har,SingleFamilyResidence,https://admin.liveby.com/preview.html?id=hwlm0owdXD&neighborhood=Memorial%20Park%20/%20Washington%20Corridor%20Area&brokerage=liveby&features=map,Paul.Kilian@sothebys.realty / Gregg.VanHouten@sothebys.realty
Houston,,Memorial Vilages,,HAR ,https://www.sothebysrealty.com/eng/houstontx/magazines/market,"2018, 2019, 2020, 2021",4,,5ff769eb232e91000825424a,har,SingleFamilyResidence,https://admin.liveby.com/preview.html?id=VRpm0UuuXD&neighborhood=Memorial%20Villages&brokerage=liveby&features=map,Paul.Kilian@sothebys.realty / Gregg.VanHouten@sothebys.realty
Houston,,Memorial West,,HAR ,https://www.sothebysrealty.com/eng/houstontx/magazines/market,"2018, 2019, 2020, 2021",4,,5ff7652e1058e80008c8ac7c,har,SingleFamilyResidence,https://admin.liveby.com/preview.html?id=takm0krVYD&neighborhood=Memorial%20West&brokerage=liveby&features=map,Paul.Kilian@sothebys.realty / Gregg.VanHouten@sothebys.realty
Houston,,Meyerland,,HAR ,https://www.sothebysrealty.com/eng/houstontx/magazines/market,"2018, 2019, 2020, 2021",4,,61658aa4e6c2e10009a9cb98,har,SingleFamilyResidence,https://admin.liveby.com/preview.html?id=dcWm0ovnXD&neighborhood=Meyerland%20Area&brokerage=liveby&features=map,Paul.Kilian@sothebys.realty / Gregg.VanHouten@sothebys.realty
Houston,,North Cypress and Tomball,,HAR ,https://www.sothebysrealty.com/eng/houstontx/magazines/market,"2018, 2019, 2020, 2021",4,,61c4a4e7869f1a0008897822,har,SingleFamilyResidence,https://stage.admin.liveby.com/preview.html?stage=true&id=ndgo0sVnYD&neighborhood=North%20Cypress%20and%20Tomball&brokerage=liveby&features=map,Paul.Kilian@sothebys.realty / Gregg.VanHouten@sothebys.realty
Houston,,Oak Forest / Shepard Park Plaza Area,,HAR ,https://www.sothebysrealty.com/eng/houstontx/magazines/market,"2018, 2019, 2020, 2021",4,,61c4a4cfc44fc10007351a80,har,SingleFamilyResidence,https://stage.admin.liveby.com/preview.html?stage=true&id=nXTn0kWiXD&neighborhood=Oak%20Forest%20/%20Shepard%20Park%20Plaza%20Area&brokerage=liveby&features=map,Paul.Kilian@sothebys.realty / Gregg.VanHouten@sothebys.realty
Houston,,Pearland,,HAR ,https://www.sothebysrealty.com/eng/houstontx/magazines/market,"2018, 2019, 2020, 2021",4,,6165de6aeeefc90008c103fb,har,SingleFamilyResidence,https://admin.liveby.com/preview.html?id=Tfhl0USpWD&neighborhood=Pearland&brokerage=liveby&features=map,Paul.Kilian@sothebys.realty / Gregg.VanHouten@sothebys.realty
Houston,,Porter / New Caney Area,,HAR ,https://www.sothebysrealty.com/eng/houstontx/magazines/market,"2018, 2019, 2020, 2021",4,,61658ae79c1ab200087654f4,har,SingleFamilyResidence,https://admin.liveby.com/preview.html?id=fnpo0UcbWD&neighborhood=Porter/New%20Caney&brokerage=liveby&features=map,Paul.Kilian@sothebys.realty / Gregg.VanHouten@sothebys.realty
Houston,,River Oaks Area,,HAR ,https://www.sothebysrealty.com/eng/houstontx/magazines/market,"2018, 2019, 2020, 2021",4,,61fc493d578e93000961a216,har,SingleFamilyResidence,https://admin.liveby.com/preview.html?id=dckm0iufXD&neighborhood=River%20Oaks%20Area&brokerage=liveby&features=map,Paul.Kilian@sothebys.realty / Gregg.VanHouten@sothebys.realty
Houston,,River Oaks Proper,,HAR ,https://www.sothebysrealty.com/eng/houstontx/magazines/market,"2018, 2019, 2020, 2021",4,,61fc493d942b2d0009393baa,har,SingleFamilyResidence,https://admin.liveby.com/preview.html?id=Tlkm0UqfXD&neighborhood=River%20Oaks%20Proper&brokerage=liveby&features=map,Paul.Kilian@sothebys.realty / Gregg.VanHouten@sothebys.realty
Houston,,Spring Area,,HAR ,https://www.sothebysrealty.com/eng/houstontx/magazines/market,"2018, 2019, 2020, 2021",4,,61fc4949788805000988e13b,har,SingleFamilyResidence,https://admin.liveby.com/preview.html?id=vYmo0YlhXD&neighborhood=Spring%20Area&brokerage=liveby&features=map,Paul.Kilian@sothebys.realty / Gregg.VanHouten@sothebys.realty
Houston,,Spring Branch,,HAR ,https://www.sothebysrealty.com/eng/houstontx/magazines/market,"2018, 2019, 2020, 2021",4,,61658b01ebdefe0008c83149,har,SingleFamilyResidence,https://admin.liveby.com/preview.html?id=pltm0YZwXD&neighborhood=Spring%20Branch&brokerage=liveby&features=map,Paul.Kilian@sothebys.realty / Gregg.VanHouten@sothebys.realty
Houston,,Tanglewood / Galleria Area,,HAR ,https://www.sothebysrealty.com/eng/houstontx/magazines/market,"2018, 2019, 2020, 2021",4,,61fc49415590db0009dc1a79,har,SingleFamilyResidence,https://admin.liveby.com/preview.html?id=fhkm0iWrXD&neighborhood=Tanglewood%20/%20Galleria%20Area&brokerage=liveby&features=map,Paul.Kilian@sothebys.realty / Gregg.VanHouten@sothebys.realty
Houston,,Tanglewood Proper,,HAR ,https://www.sothebysrealty.com/eng/houstontx/magazines/market,"2018, 2019, 2020, 2021",4,,61fc49418531bb0009abfff1,har,SingleFamilyResidence,https://admin.liveby.com/preview.html?id=ZRmm0afpXD&neighborhood=Tanglewood%20Proper&brokerage=liveby&features=map,Paul.Kilian@sothebys.realty / Gregg.VanHouten@sothebys.realty
Houston,,The Woodlands,,HAR ,https://www.sothebysrealty.com/eng/houstontx/magazines/market,"2018, 2019, 2020, 2021",4,,61fc49457617500009759642,har,SingleFamilyResidence,https://admin.liveby.com/preview.html?id=rjVp0YjSYD&neighborhood=The%20Woodlands&brokerage=liveby&features=map,Paul.Kilian@sothebys.realty / Gregg.VanHouten@sothebys.realty
Houston,,West U / Southside,,HAR ,https://www.sothebysrealty.com/eng/houstontx/magazines/market,"2018, 2019, 2020, 2021",4,,5ff76825629f5700059873c9,har,SingleFamilyResidence,https://admin.liveby.com/preview.html?id=jTcm0wkfXD&neighborhood=West%20University/Southside%20Area&brokerage=liveby&features=map,Paul.Kilian@sothebys.realty / Gregg.VanHouten@sothebys.realty
Houston,,Willow Meadows,,HAR ,https://www.sothebysrealty.com/eng/houstontx/magazines/market,"2018, 2019, 2020, 2021",4,,61fc49428531bb0009abfff2,har,SingleFamilyResidence,https://admin.liveby.com/preview.html?id=nZUm0YfjXD&neighborhood=Willow%20Meadows&brokerage=liveby&features=map,Paul.Kilian@sothebys.realty / Gregg.VanHouten@sothebys.realty
Monterey,Monterey Peninsula,Big Sur,,,https://www.sothebysrealty.com/eng/monterey-real-estate/magazines/market,"2018, 2019, 2020, 2021",4,,5e75fb1c203b81749b82f200,,SingleFamilyResidence,https://admin.liveby.com/preview.html?id=Vrmt1uYXXI&neighborhood=Big%20Sur&brokerage=liveby&features=map,tony.pena@sothebys.realty
Monterey,Monterey Peninsula,Carmel,,,https://www.sothebysrealty.com/eng/monterey-real-estate/magazines/market,"2018, 2019, 2020, 2021",4,,5be621fefc1f295d612564fe,,SingleFamilyResidence,https://admin.liveby.com/preview.html?id=diUw1wVWZI&neighborhood=Carmel%20-%20by%20-%20the%20-%20Sea&brokerage=liveby&features=map,tony.pena@sothebys.realty
Monterey,Monterey Peninsula,Carmel Valley,,,https://www.sothebysrealty.com/eng/monterey-real-estate/magazines/market,"2018, 2019, 2020, 2021",4,,5ad11e9d838d7400011465e2,,SingleFamilyResidence,https://admin.liveby.com/preview.html?id=nSnv1mowXI&neighborhood=Carmel%20Valley%20Village&brokerage=liveby&features=map,tony.pena@sothebys.realty
Monterey,Monterey Peninsula,Marina,,,https://www.sothebysrealty.com/eng/monterey-real-estate/magazines/market,"2018, 2019, 2020, 2021",4,,5af87ee397c60e236c14c59b,,SingleFamilyResidence,https://admin.liveby.com/preview.html?id=rStw1UdbYI&neighborhood=Marina&brokerage=liveby&features=map,tony.pena@sothebys.realty
Monterey,Monterey Peninsula,Monterey,,,https://www.sothebysrealty.com/eng/monterey-real-estate/magazines/market,"2018, 2019, 2020, 2021",4,,5af87fb497c60e236c14c5e3,,SingleFamilyResidence,https://admin.liveby.com/preview.html?id=ZVbw1osrYI&neighborhood=Monterey&brokerage=liveby&features=map,tony.pena@sothebys.realty
Monterey,Monterey Peninsula,Monterey,,,https://www.sothebysrealty.com/eng/monterey-real-estate/magazines/market,"2018, 2019, 2020, 2021",4,,5af87fb497c60e236c14c5e3,,SingleFamilyResidence,https://admin.liveby.com/preview.html?id=ZVbw1osrYI&neighborhood=Monterey&brokerage=liveby&features=map,tony.pena@sothebys.realty
Monterey,Monterey Peninsula,Monterey / Salinas Highway,,,https://www.sothebysrealty.com/eng/monterey-real-estate/magazines/market,"2018, 2019, 2020, 2021",4,,61c9fa76335076000946a431,,SingleFamilyResidence,https://admin.liveby.com/preview.html?id=Xlbw1SeRYI&neighborhood=Monterey-Salinas%20Highway&brokerage=liveby&features=map,tony.pena@sothebys.realty
Monterey,Monterey Peninsula,Monterey Peninsula,,,https://www.sothebysrealty.com/eng/monterey-real-estate/magazines/market,"2018, 2019, 2020, 2021",4,,61cb6f247f3bf7f3d143425d,,SingleFamilyResidence,https://admin.liveby.com/preview.html?id=juiu1eYmWI&neighborhood=Monterey%20Peninsula&brokerage=liveby&features=map,tony.pena@sothebys.realty
Monterey,Monterey Peninsula,Pacific Grove,,,https://www.sothebysrealty.com/eng/monterey-real-estate/magazines/market,"2018, 2019, 2020, 2021",4,,5be62215fc1f295d61256524,,SingleFamilyResidence,https://admin.liveby.com/preview.html?id=nihw1krWZI&neighborhood=Pacific%20Grove&brokerage=liveby&features=map,tony.pena@sothebys.realty
Monterey,Monterey Peninsula,Pebble Beach,,,https://www.sothebysrealty.com/eng/monterey-real-estate/magazines/market,"2018, 2019, 2020, 2021",4,,5e760158203b81749b82f32c,,SingleFamilyResidence,https://admin.liveby.com/preview.html?id=reaw1WlYZI&neighborhood=Pebble%20Beach&brokerage=liveby&features=map,tony.pena@sothebys.realty
Monterey,Monterey Peninsula,Seaside,,,https://www.sothebysrealty.com/eng/monterey-real-estate/magazines/market,"2018, 2019, 2020, 2021",4,,5af87ee697c60e236c14c59d,,SingleFamilyResidence,https://admin.liveby.com/preview.html?id=vvgw1SolYI&neighborhood=Seaside&brokerage=liveby&features=map,tony.pena@sothebys.realty
Monterey,Santa Cruz County,Aptos,,,https://www.sothebysrealty.com/eng/monterey-real-estate/magazines/market,"2018, 2019, 2020, 2021",4,,5af880c197c60e236c14c655,,SingleFamilyResidence,https://admin.liveby.com/preview.html?id=jaqS2ocwYI&neighborhood=Aptos&brokerage=liveby&features=map,tony.pena@sothebys.realty
Monterey,Santa Cruz County,Aptos Hills-Larkin Valley,,,https://www.sothebysrealty.com/eng/monterey-real-estate/magazines/market,"2018, 2019, 2020, 2021",4,,5af880c397c60e236c14c656,,SingleFamilyResidence,https://admin.liveby.com/preview.html?id=hRkS2makYI&neighborhood=Aptos%20Hills-Larkin%20Valley&brokerage=liveby&features=map,tony.pena@sothebys.realty
Monterey,Santa Cruz County,Capitola,,,https://www.sothebysrealty.com/eng/monterey-real-estate/magazines/market,"2018, 2019, 2020, 2021",4,,5af87d2b97c60e236c14c502,,SingleFamilyResidence,https://admin.liveby.com/preview.html?id=psmS2smcZI&neighborhood=Capitola&brokerage=liveby&features=map,tony.pena@sothebys.realty
Monterey,Santa Cruz County,La Selva Beach,,,https://www.sothebysrealty.com/eng/monterey-real-estate/magazines/market,"2018, 2019, 2020, 2021",4,,5af88b26dd318e254785d6e7,,SingleFamilyResidence,https://admin.liveby.com/preview.html?id=bucS2cwnYI&neighborhood=La%20Selva%20Beach&brokerage=liveby&features=map,tony.pena@sothebys.realty
Monterey,Santa Cruz County,Santa Cruz,,,https://www.sothebysrealty.com/eng/monterey-real-estate/magazines/market,"2018, 2019, 2020, 2021",4,,5af8808497c60e236c14c636,,SingleFamilyResidence,https://admin.liveby.com/preview.html?id=pkoS2sjrZI&neighborhood=Santa%20Cruz&brokerage=liveby&features=map,tony.pena@sothebys.realty
Monterey,Santa Cruz County,Scotts Valley,,,https://www.sothebysrealty.com/eng/monterey-real-estate/magazines/market,"2018, 2019, 2020, 2021",4,,5af87d2d97c60e236c14c503,,SingleFamilyResidence,https://admin.liveby.com/preview.html?id=fYWT2gVoZI&neighborhood=Scotts%20Valley&brokerage=liveby&features=map,tony.pena@sothebys.realty
Monterey,Santa Cruz County,Soquel,,,https://www.sothebysrealty.com/eng/monterey-real-estate/magazines/market,"2018, 2019, 2020, 2021",4,,5af88de5dd318e254785d84e,,SingleFamilyResidence,https://admin.liveby.com/preview.html?id=bgqS2elbZI&neighborhood=Soquel&brokerage=liveby&features=map,tony.pena@sothebys.realty
Monterey,Santa Cruz County,Watsonville,,,https://www.sothebysrealty.com/eng/monterey-real-estate/magazines/market,"2018, 2019, 2020, 2021",4,,5af8808097c60e236c14c635,,SingleFamilyResidence,https://admin.liveby.com/preview.html?id=ZYcS2mbYYI&neighborhood=Watsonville&brokerage=liveby&features=map,tony.pena@sothebys.realty
Monterey,Santa Cruz County,,,,https://www.sothebysrealty.com/eng/monterey-real-estate/magazines/market,"2018, 2019, 2020, 2021",4,,5b02eea4a72c6fcc9b8585ed,,SingleFamilyResidence,https://admin.liveby.com/preview.html?id=lRWT2mYtYI&neighborhood=Santa%20Cruz%20County&brokerage=liveby&features=map,tony.pena@sothebys.realty
NYC,All NYC,New York,,,https://www.sothebysrealty.com/eng/nyc/magazines/market,"2018, 2019, 2020, 2021",4,,5afa1ed3435ebd270db32556,,SingleFamilyResidence,https://admin.liveby.com/preview.html?id=help2osSU9&neighborhood=New%20York&brokerage=liveby&features=map,sam.coppola@sothebys.realty
NYC,All NYC,,Downtown,,https://www.sothebysrealty.com/eng/nyc/magazines/market,"2018, 2019, 2020, 2021",4,,5c2e1da1ce62d600016c26b0,,SingleFamilyResidence,https://admin.liveby.com/preview.html?id=Zlip2qtmU9&neighborhood=Lower%20Manhattan&brokerage=liveby&features=map,sam.coppola@sothebys.realty
NYC,All NYC,,FiDi / Battery Park,,https://www.sothebysrealty.com/eng/nyc/magazines/market,"2018, 2019, 2020, 2021",4,,5c2e34dbac67c40001145f74,,SingleFamilyResidence,https://admin.liveby.com/preview.html?id=Vhfp2knnU9&neighborhood=Battery%20Park/Financial%20District&brokerage=liveby&features=map,sam.coppola@sothebys.realty
NYC,All NYC,,Midtown,,https://www.sothebysrealty.com/eng/nyc/magazines/market,"2018, 2019, 2020, 2021",4,,56699b2edd4700202391b03a,,SingleFamilyResidence,https://admin.liveby.com/preview.html?id=Rupp2SohU9&neighborhood=Midtown&brokerage=liveby&features=map,sam.coppola@sothebys.realty
NYC,All NYC,,Upper East Side,,https://www.sothebysrealty.com/eng/nyc/magazines/market,"2018, 2019, 2020, 2021",4,,56699b55dd4700202391bc65,,SingleFamilyResidence,https://admin.liveby.com/preview.html?id=Tjsp2modU9&neighborhood=Upper%20East%20Side&brokerage=liveby&features=map,sam.coppola@sothebys.realty
NYC,All NYC,,Upper West Side,,https://www.sothebysrealty.com/eng/nyc/magazines/market,"2018, 2019, 2020, 2021",4,,56699b2edd4700202391b03d,,SingleFamilyResidence,https://admin.liveby.com/preview.html?id=rwvp2gfgU9&neighborhood=Upper%20West%20Side&brokerage=liveby&features=map,sam.coppola@sothebys.realty
NYC,All NYC,,Uptown,,https://www.sothebysrealty.com/eng/nyc/magazines/market,"2018, 2019, 2020, 2021",4,,5c2e2f3cac67c40001145f73,,SingleFamilyResidence,https://admin.liveby.com/preview.html?id=nYYq2WgZU9&neighborhood=Upper%20Manhattan&brokerage=liveby&features=map,sam.coppola@sothebys.realty
Palm Beach,All Palm Beach,Palm Beach,,,,"2018, 2019, 2020, 2021",4,,5af8f1a44b95ec26f2e867e0,,SingleFamilyResidence,https://admin.liveby.com/preview.html?id=TclT0WbhZA&neighborhood=Palm%20Beach&brokerage=liveby&features=map,Michael.Kramer@sothebys.realty
Palm Beach,All Palm Beach,Palm Beach / In-Town,,,,"2018, 2019, 2020, 2021",4,,5af8f1a44b95ec26f2e867e0,,SingleFamilyResidence,https://admin.liveby.com/preview.html?id=TclT0WbhZA&neighborhood=Palm%20Beach&brokerage=liveby&features=map,Michael.Kramer@sothebys.realty
Palm Beach,All Palm Beach,Palm Beach South End,,,,"2018, 2019, 2020, 2021",4,,5da3907053ceed00015fed35,,SingleFamilyResidence,https://admin.liveby.com/preview.html?id=tVoT0kmjZA&neighborhood=South%20End&brokerage=liveby&features=map,Michael.Kramer@sothebys.realty
Palm Beach,All Palm Beach,West Palm Beach,,,,"2018, 2019, 2020, 2021",4,,5af8eff24b95ec26f2e86712,,SingleFamilyResidence,https://admin.liveby.com/preview.html?id=hfVU0STRaA&neighborhood=West%20Palm%20Beach&brokerage=liveby&features=map,Michael.Kramer@sothebys.realty
Palm Beach,All Palm Beach,,,,,"2018, 2019, 2020, 2021",4,,61c2515183eb750009af076c,,SingleFamilyResidence,https://admin.liveby.com/preview.html?id=ZqhU0chwZA&neighborhood=All%20Palm%20Beach&brokerage=liveby&features=map,Michael.Kramer@sothebys.realty
Pasadena,,Altadena,,,https://www.sothebysrealty.com/eng/pasadena-real-estate/magazines/market,"2018, 2019, 2020, 2021",4,,5e54246f09747e0001033b9c,,SingleFamilyResidence,https://admin.liveby.com/preview.html?id=rumh1SsTiH&neighborhood=Altadena&brokerage=liveby&features=map,ronnica.weaver@sothebys.realty
Pasadena,,Arcadia,,,https://www.sothebysrealty.com/eng/pasadena-real-estate/magazines/market,"2018, 2019, 2020, 2021",4,,5e54246fc278a80001d14ae7,,SingleFamilyResidence,https://admin.liveby.com/preview.html?id=Ziah1uXehH&neighborhood=Arcadia&brokerage=liveby&features=map,ronnica.weaver@sothebys.realty
Pasadena,,Glendale,,,https://www.sothebysrealty.com/eng/pasadena-real-estate/magazines/market,"2018, 2019, 2020, 2021",4,,5e542479fba6a10001ca7987,,SingleFamilyResidence,https://admin.liveby.com/preview.html?id=VXlh1ceniH&neighborhood=Glendale&brokerage=liveby&features=map,ronnica.weaver@sothebys.realty
Pasadena,,La Canada Flintridge,,,https://www.sothebysrealty.com/eng/pasadena-real-estate/magazines/market,"2018, 2019, 2020, 2021",4,,5e54247bebb8790001c7a5bf,,SingleFamilyResidence,https://admin.liveby.com/preview.html?id=hRqh1uaeiH&neighborhood=La%20Canada%20Flintridge&brokerage=liveby&features=map,ronnica.weaver@sothebys.realty
Pasadena,,Pasadena,,,https://www.sothebysrealty.com/eng/pasadena-real-estate/magazines/market,"2018, 2019, 2020, 2021",4,,5a1ee69e3e8deb6c7853b399,,SingleFamilyResidence,https://admin.liveby.com/preview.html?id=RZjh1whUiH&neighborhood=Pasadena&brokerage=liveby&features=map,ronnica.weaver@sothebys.realty
Pasadena,,Pasadena (City),,,https://www.sothebysrealty.com/eng/pasadena-real-estate/magazines/market,"2018, 2019, 2020, 2021",4,,5a1ee69e3e8deb6c7853b399,,SingleFamilyResidence,https://admin.liveby.com/preview.html?id=RZjh1whUiH&neighborhood=Pasadena&brokerage=liveby&features=map,ronnica.weaver@sothebys.realty
Pasadena,,San Gabriel,,,https://www.sothebysrealty.com/eng/pasadena-real-estate/magazines/market,"2018, 2019, 2020, 2021",4,,5af87d1097c60e236c14c4f7,,SingleFamilyResidence,https://admin.liveby.com/preview.html?id=prUh1YZqhH&neighborhood=San%20Gabriel&brokerage=liveby&features=map,ronnica.weaver@sothebys.realty
Pasadena,,San Marino,,,https://www.sothebysrealty.com/eng/pasadena-real-estate/magazines/market,"2018, 2019, 2020, 2021",4,,5e5424859e4df90001782925,,SingleFamilyResidence,https://admin.liveby.com/preview.html?id=ZlZh1uUuhH&neighborhood=San%20Marino&brokerage=liveby&features=map,ronnica.weaver@sothebys.realty
Pasadena,,Sierra Madre,,,https://www.sothebysrealty.com/eng/pasadena-real-estate/magazines/market,"2018, 2019, 2020, 2021",4,,5e54248627e0e90001ead8ea,,SingleFamilyResidence,https://admin.liveby.com/preview.html?id=vcih1UighH&neighborhood=Sierra%20Madre&brokerage=liveby&features=map,ronnica.weaver@sothebys.realty
Pasadena,,South Pasadena,,,https://www.sothebysrealty.com/eng/pasadena-real-estate/magazines/market,"2018, 2019, 2020, 2021",4,,5e542486ebb8790001c7a5c6,,SingleFamilyResidence,https://admin.liveby.com/preview.html?id=ZiXh1ipWiH&neighborhood=South%20Pasadena&brokerage=liveby&features=map,ronnica.weaver@sothebys.realty
Pasadena,,Sparr Heights / La Crescenta / Montrose,,,https://www.sothebysrealty.com/eng/pasadena-real-estate/magazines/market,"2018, 2019, 2020, 2021",4,,5e54247b09747e0001033ba4,,SingleFamilyResidence,https://admin.liveby.com/preview.html?id=njth1sqliH&neighborhood=La%20Crescenta-Montrose&brokerage=liveby&features=map,ronnica.weaver@sothebys.realty
Pasadena,,,,,https://www.sothebysrealty.com/eng/pasadena-real-estate/magazines/market,"2018, 2019, 2020, 2021",4,,61d606176f98f0000804a5ea,,SingleFamilyResidence,https://admin.liveby.com/preview.html?id=fSdh1abRiH&neighborhood=Pasadena%20Region&brokerage=liveby&features=map,ronnica.weaver@sothebys.realty
Bay Area,District 1,San Francisco,,,,"2018, 2019, 2020, 2021",4,,,,SingleFamilyResidence,,
Bay Area,District 1,San Francisco,Jordan Park,,,"2018, 2019, 2020, 2021",4,,,,SingleFamilyResidence,,
Bay Area,District 1,San Francisco,Lake Street,,,"2018, 2019, 2020, 2021",4,,,,SingleFamilyResidence,,
Bay Area,District 1,San Francisco,Laurel Heights,,,"2018, 2019, 2020, 2021",4,,,,SingleFamilyResidence,,
Bay Area,District 1,San Francisco,Lone Mountain,,,"2018, 2019, 2020, 2021",4,,,,SingleFamilyResidence,,
Bay Area,District 1,San Francisco,Outer Richmond,,,"2018, 2019, 2020, 2021",4,,,,SingleFamilyResidence,,
Bay Area,District 1,San Francisco,Central Richmond,,,"2018, 2019, 2020, 2021",4,,,,SingleFamilyResidence,,
Bay Area,District 1,San Francisco,Inner Richmond,,,"2018, 2019, 2020, 2021",4,,,,SingleFamilyResidence,,
Bay Area,District 1,San Francisco,Sea Cliff,,,"2018, 2019, 2020, 2021",4,,,,SingleFamilyResidence,,
Bay Area,District 4,San Francisco,,,,"2018, 2019, 2020, 2021",4,,,,SingleFamilyResidence,,
Bay Area,District 4,San Francisco,Balboa Terrace,,,"2018, 2019, 2020, 2021",4,,,,SingleFamilyResidence,,
Bay Area,District 4,San Francisco,Diamond Heights,,,"2018, 2019, 2020, 2021",4,,,,SingleFamilyResidence,,
Bay Area,District 4,San Francisco,Forest Hill,,,"2018, 2019, 2020, 2021",4,,,,SingleFamilyResidence,,
Bay Area,District 4,San Francisco,Forest Hill Extension,,,"2018, 2019, 2020, 2021",4,,,,SingleFamilyResidence,,
Bay Area,District 4,San Francisco,Forest Knolls,,,"2018, 2019, 2020, 2021",4,,,,SingleFamilyResidence,,
Bay Area,District 4,San Francisco,Ingleside Terrace,,,"2018, 2019, 2020, 2021",4,,,,SingleFamilyResidence,,
Bay Area,District 4,San Francisco,Midtown Terrace,,,"2018, 2019, 2020, 2021",4,,,,SingleFamilyResidence,,
Bay Area,District 4,San Francisco,Miraloma Park,,,"2018, 2019, 2020, 2021",4,,,,SingleFamilyResidence,,
Bay Area,District 4,San Francisco,Monterey Heights,,,"2018, 2019, 2020, 2021",4,,,,SingleFamilyResidence,,
Bay Area,District 4,San Francisco,Mt Davidson Manor,,,"2018, 2019, 2020, 2021",4,,,,SingleFamilyResidence,,
Bay Area,District 4,San Francisco,Sherwood Forest,,,"2018, 2019, 2020, 2021",4,,,,SingleFamilyResidence,,
Bay Area,District 4,San Francisco,St. Francis Wood,,,"2018, 2019, 2020, 2021",4,,,,SingleFamilyResidence,,
Bay Area,District 4,San Francisco,Sunnyside,,,"2018, 2019, 2020, 2021",4,,,,SingleFamilyResidence,,
Bay Area,District 4,San Francisco,West Portal,,,"2018, 2019, 2020, 2021",4,,,,SingleFamilyResidence,,
Bay Area,District 4,San Francisco,Westwood Highlands,,,"2018, 2019, 2020, 2021",4,,,,SingleFamilyResidence,,
Bay Area,District 4,San Francisco,Westwood Park,,,"2018, 2019, 2020, 2021",4,,,,SingleFamilyResidence,,
,,,,,,"2018, 2019, 2020, 2021",4,,,,SingleFamilyResidence,,
Bay Area,District 5,San Francisco,Clarendon Heights,,,"2018, 2019, 2020, 2021",4,,,,SingleFamilyResidence,,
Bay Area,Distrct 5,San Francisco,Dolores Heights,,,"2018, 2019, 2020, 2021",4,,,,SingleFamilyResidence,,
Bay Area,Distrct 5,San Francisco,Noe Valley,,,"2018, 2019, 2020, 2021",4,,,,SingleFamilyResidence,,
,,,,,,"2018, 2019, 2020, 2021",4,,,,SingleFamilyResidence,,
,,,,,,"2018, 2019, 2020, 2021",4,,,,SingleFamilyResidence,,
,,,,,,"2018, 2019, 2020, 2021",4,,,,SingleFamilyResidence,,
,,,,,,"2018, 2019, 2020, 2021",4,,,,SingleFamilyResidence,,
Bay Area,District 6,San Francisco,Alamo Square,,,"2018, 2019, 2020, 2021",4,,,,SingleFamilyResidence,,
Bay Area,District 6,San Francisco,Hayes Valley,,,"2018, 2019, 2020, 2021",4,,,,SingleFamilyResidence,,
Bay Area,District 6,San Francisco,Western Addition,,,"2018, 2019, 2020, 2021",4,,,,SingleFamilyResidence,,
Bay Area,District 6,San Francisco,Lower Pacific Heights,,,"2018, 2019, 2020, 2021",4,,,,SingleFamilyResidence,,
Bay Area,District 6,San Francisco,Anza Vista,,,"2018, 2019, 2020, 2021",4,,,,SingleFamilyResidence,,
Bay Area,District 6,San Francisco,North Panhandle,,,"2018, 2019, 2020, 2021",4,,,,SingleFamilyResidence,,
,,,,,,"2018, 2019, 2020, 2021",4,,,,SingleFamilyResidence,,
,,,,,,"2018, 2019, 2020, 2021",4,,,,SingleFamilyResidence,,
,,,,,,"2018, 2019, 2020, 2021",4,,,,SingleFamilyResidence,,
San Francisco,,,,,https://www.sothebysrealty.com/eng/san-francisco-real-estate/magazines/market,"2018, 2019, 2020, 2021",4,,,,SingleFamilyResidence,https://admin.liveby.com/preview.html?id=jSfX2WTvcI&neighborhood=San%20Francisco&brokerage=liveby&features=map,tom.hertenstein@sothebys.realty
San Francisco,,,Bernal Heights,,https://www.sothebysrealty.com/eng/san-francisco-real-estate/magazines/market,"2018, 2019, 2020, 2021",4,,https://stage.admin.liveby.com/preview.html?stage=true&id=lRcX2UrWcI&neighborhood=Bernal%20Heights&brokerage=liveby&features=map,,SingleFamilyResidence,https://stage.admin.liveby.com/preview.html?stage=true&id=lRcX2UrWcI&neighborhood=Bernal%20Heights&brokerage=liveby&features=map,tom.hertenstein@sothebys.realty
San Francisco,,,Castro,,https://www.sothebysrealty.com/eng/san-francisco-real-estate/magazines/market,"2018, 2019, 2020, 2021",4,,https://admin.liveby.com/preview.html?stage=true&id=lnfX2UXbcI&neighborhood=Eureka%20Valley%20/%20Dolores%20Heights&brokerage=liveby&features=map,,SingleFamilyResidence,https://admin.liveby.com/preview.html?stage=true&id=lnfX2UXbcI&neighborhood=Eureka%20Valley%20/%20Dolores%20Heights&brokerage=liveby&features=map,tom.hertenstein@sothebys.realty
San Francisco,,,Cow Hollow,,https://www.sothebysrealty.com/eng/san-francisco-real-estate/magazines/market,"2018, 2019, 2020, 2021",4,,https://stage.admin.liveby.com/preview.html?stage=true&id=vbnX2imacI&neighborhood=Cow%20Hollow&brokerage=liveby&features=map,,SingleFamilyResidence,https://stage.admin.liveby.com/preview.html?stage=true&id=vbnX2imacI&neighborhood=Cow%20Hollow&brokerage=liveby&features=map,tom.hertenstein@sothebys.realty
San Francisco,,,Financial District,,https://www.sothebysrealty.com/eng/san-francisco-real-estate/magazines/market,"2018, 2019, 2020, 2021",4,,https://admin.liveby.com/preview.html?stage=true&id=nVnX2gnScI&neighborhood=Financial%20District/Barbary%20Coast&brokerage=liveby&features=map,,SingleFamilyResidence,https://admin.liveby.com/preview.html?stage=true&id=nVnX2gnScI&neighborhood=Financial%20District/Barbary%20Coast&brokerage=liveby&features=map,tom.hertenstein@sothebys.realty
San Francisco,,,Haight Ashbury,,https://www.sothebysrealty.com/eng/san-francisco-real-estate/magazines/market,"2018, 2019, 2020, 2021",4,,https://admin.liveby.com/preview.html?stage=true&id=XphX2smbcI&neighborhood=Haight%20Ashbury&brokerage=liveby&features=map,,SingleFamilyResidence,https://admin.liveby.com/preview.html?stage=true&id=XphX2smbcI&neighborhood=Haight%20Ashbury&brokerage=liveby&features=map,tom.hertenstein@sothebys.realty
San Francisco,,,Hayes Valley,,https://www.sothebysrealty.com/eng/san-francisco-real-estate/magazines/market,"2018, 2019, 2020, 2021",4,,https://admin.liveby.com/preview.html?stage=true&id=fsiX2ShYcI&neighborhood=Hayes%20Valley&brokerage=liveby&features=map,,SingleFamilyResidence,https://admin.liveby.com/preview.html?stage=true&id=fsiX2ShYcI&neighborhood=Hayes%20Valley&brokerage=liveby&features=map,tom.hertenstein@sothebys.realty
San Francisco,,,Marina,,https://www.sothebysrealty.com/eng/san-francisco-real-estate/magazines/market,"2018, 2019, 2020, 2021",4,,https://stage.admin.liveby.com/preview.html?stage=true&id=lkoX2suacI&neighborhood=Marina%20District&brokerage=liveby&features=map,,SingleFamilyResidence,https://stage.admin.liveby.com/preview.html?stage=true&id=lkoX2suacI&neighborhood=Marina%20District&brokerage=liveby&features=map,tom.hertenstein@sothebys.realty
San Francisco,,,Nob Hill,,https://www.sothebysrealty.com/eng/san-francisco-real-estate/magazines/market,"2018, 2019, 2020, 2021",4,,https://admin.liveby.com/preview.html?stage=true&id=VimX2upWcI&neighborhood=Nob%20Hill&brokerage=liveby&features=map,,SingleFamilyResidence,https://admin.liveby.com/preview.html?stage=true&id=VimX2upWcI&neighborhood=Nob%20Hill&brokerage=liveby&features=map,tom.hertenstein@sothebys.realty
San Francisco,,,Noe Valley,,https://www.sothebysrealty.com/eng/san-francisco-real-estate/magazines/market,"2018, 2019, 2020, 2021",4,,https://admin.liveby.com/preview.html?stage=true&id=hhdX2kcacI&neighborhood=Noe%20Valley&brokerage=liveby&features=map,,SingleFamilyResidence,https://admin.liveby.com/preview.html?stage=true&id=hhdX2kcacI&neighborhood=Noe%20Valley&brokerage=liveby&features=map,tom.hertenstein@sothebys.realty
San Francisco,,,North Beach,,https://www.sothebysrealty.com/eng/san-francisco-real-estate/magazines/market,"2018, 2019, 2020, 2021",4,,https://admin.liveby.com/preview.html?stage=true&id=jmoX2woUcI&neighborhood=North%20Beach&brokerage=liveby&features=map,,SingleFamilyResidence,https://admin.liveby.com/preview.html?stage=true&id=jmoX2woUcI&neighborhood=North%20Beach&brokerage=liveby&features=map,tom.hertenstein@sothebys.realty
San Francisco,,,Pacific Heights,,https://www.sothebysrealty.com/eng/san-francisco-real-estate/magazines/market,"2018, 2019, 2020, 2021",4,,https://stage.admin.liveby.com/preview.html?stage=true&id=ddmX2wXacI&neighborhood=Pacific%20Heights&brokerage=liveby&features=map,,SingleFamilyResidence,https://stage.admin.liveby.com/preview.html?stage=true&id=ddmX2wXacI&neighborhood=Pacific%20Heights&brokerage=liveby&features=map,tom.hertenstein@sothebys.realty
San Francisco,,,Potrero Hill,,https://www.sothebysrealty.com/eng/san-francisco-real-estate/magazines/market,"2018, 2019, 2020, 2021",4,,https://admin.liveby.com/preview.html?stage=true&id=prfX2kYRcI&neighborhood=Potrero%20Hill&brokerage=liveby&features=map,,SingleFamilyResidence,https://admin.liveby.com/preview.html?stage=true&id=prfX2kYRcI&neighborhood=Potrero%20Hill&brokerage=liveby&features=map,tom.hertenstein@sothebys.realty
San Francisco,,,Presidio Heights,,https://www.sothebysrealty.com/eng/san-francisco-real-estate/magazines/market,"2018, 2019, 2020, 2021",4,,https://admin.liveby.com/preview.html?stage=true&id=vdlX2wkfcI&neighborhood=Presidio%20Heights&brokerage=liveby&features=map,,SingleFamilyResidence,https://admin.liveby.com/preview.html?stage=true&id=vdlX2wkfcI&neighborhood=Presidio%20Heights&brokerage=liveby&features=map,tom.hertenstein@sothebys.realty
San Francisco,,,Richmond District ,,https://www.sothebysrealty.com/eng/san-francisco-real-estate/magazines/market,"2018, 2019, 2020, 2021",4,,https://stage.admin.liveby.com/preview.html?stage=true&id=ffjX2YdlcI&neighborhood=Richmond%20District&brokerage=liveby&features=map,,SingleFamilyResidence,https://stage.admin.liveby.com/preview.html?stage=true&id=ffjX2YdlcI&neighborhood=Richmond%20District&brokerage=liveby&features=map,tom.hertenstein@sothebys.realty
San Francisco,,,Russian Hill,,https://www.sothebysrealty.com/eng/san-francisco-real-estate/magazines/market,"2018, 2019, 2020, 2021",4,,https://admin.liveby.com/preview.html?stage=true&id=jonX2crWcI&neighborhood=Russian%20Hill&brokerage=liveby&features=map,,SingleFamilyResidence,https://admin.liveby.com/preview.html?stage=true&id=jonX2crWcI&neighborhood=Russian%20Hill&brokerage=liveby&features=map,tom.hertenstein@sothebys.realty
San Francisco,,,Sea Cliff,,https://www.sothebysrealty.com/eng/san-francisco-real-estate/magazines/market,"2018, 2019, 2020, 2021",4,,https://admin.liveby.com/preview.html?stage=true&id=nnkX2ilmcI&neighborhood=Sea%20Cliff&brokerage=liveby&features=map,,SingleFamilyResidence,https://admin.liveby.com/preview.html?stage=true&id=nnkX2ilmcI&neighborhood=Sea%20Cliff&brokerage=liveby&features=map,tom.hertenstein@sothebys.realty
San Francisco,,,SoMa,,https://www.sothebysrealty.com/eng/san-francisco-real-estate/magazines/market,"2018, 2019, 2020, 2021",4,,https://admin.liveby.com/preview.html?stage=true&id=dnjX2clRcI&neighborhood=South%20of%20Market&brokerage=liveby&features=map,,SingleFamilyResidence,https://admin.liveby.com/preview.html?stage=true&id=dnjX2clRcI&neighborhood=South%20of%20Market&brokerage=liveby&features=map,tom.hertenstein@sothebys.realty
San Francisco,,,Sunset,,https://www.sothebysrealty.com/eng/san-francisco-real-estate/magazines/market,"2018, 2019, 2020, 2021",4,,https://admin.liveby.com/preview.html?stage=true&id=ZrfX2schcI&neighborhood=Sunset&brokerage=liveby&features=map,,SingleFamilyResidence,https://admin.liveby.com/preview.html?stage=true&id=ZrfX2schcI&neighborhood=Sunset&brokerage=liveby&features=map,tom.hertenstein@sothebys.realty
San Francisco,,,Telegraph Hill,,https://www.sothebysrealty.com/eng/san-francisco-real-estate/magazines/market,"2018, 2019, 2020, 2021",4,,https://stage.admin.liveby.com/preview.html?stage=true&id=XaoX2qhUcI&neighborhood=Telegraph%20Hill&brokerage=liveby&features=map,,SingleFamilyResidence,https://stage.admin.liveby.com/preview.html?stage=true&id=XaoX2qhUcI&neighborhood=Telegraph%20Hill&brokerage=liveby&features=map,tom.hertenstein@sothebys.realty
San Francisco,,,Twin Peaks,,https://www.sothebysrealty.com/eng/san-francisco-real-estate/magazines/market,"2018, 2019, 2020, 2021",4,,https://admin.liveby.com/preview.html?stage=true&id=lgeX2SYdcI&neighborhood=Twin%20Peaks&brokerage=liveby&features=map,,SingleFamilyResidence,https://admin.liveby.com/preview.html?stage=true&id=lgeX2SYdcI&neighborhood=Twin%20Peaks&brokerage=liveby&features=map,tom.hertenstein@sothebys.realty
Santa Barbara and Santa Ynez Vallley,Santa Barbara Region Snapshot,Carpinteria / Summerland,,,https://www.sothebysrealty.com/eng/santa-barbara-real-estate/magazines/market,"2018, 2019, 2020, 2021",4,,61c2370227c040000864054a,,SingleFamilyResidence,https://admin.liveby.com/preview.html?id=dSTj1ifnqH&neighborhood=Carpinteria%20/%20Summerland&brokerage=liveby&features=map,erica.sorensen@sothebys.realty
Santa Barbara and Santa Ynez Vallley,Santa Barbara Region Snapshot,Goleta,,,https://www.sothebysrealty.com/eng/santa-barbara-real-estate/magazines/market,"2018, 2019, 2020, 2021",4,,5af8800397c60e236c14c604,,SingleFamilyResidence,https://admin.liveby.com/preview.html?id=tWXj1kVhsH&neighborhood=Goleta&brokerage=liveby&features=map,erica.sorensen@sothebys.realty
Santa Barbara and Santa Ynez Vallley,Santa Barbara Region Snapshot,Hope Ranch,,,https://www.sothebysrealty.com/eng/santa-barbara-real-estate/magazines/market,"2018, 2019, 2020, 2021",4,,5dbc4ef943901200019f398a,,SingleFamilyResidence,https://admin.liveby.com/preview.html?id=bdUj1otwrH&neighborhood=Hope%20Ranch&brokerage=liveby&features=map,erica.sorensen@sothebys.realty
Santa Barbara and Santa Ynez Vallley,Santa Barbara Region Snapshot,Montecito,,,https://www.sothebysrealty.com/eng/santa-barbara-real-estate/magazines/market,"2018, 2019, 2020, 2021",4,,5af88c0edd318e254785d75e,,SingleFamilyResidence,https://admin.liveby.com/preview.html?id=rlWj1gdXrH&neighborhood=Montecito&brokerage=liveby&features=map,erica.sorensen@sothebys.realty
Santa Barbara and Santa Ynez Vallley,Santa Barbara Region Snapshot,Ojai,,,https://www.sothebysrealty.com/eng/santa-barbara-real-estate/magazines/market,"2018, 2019, 2020, 2021",4,,5af87d8797c60e236c14c524,,SingleFamilyResidence,https://admin.liveby.com/preview.html?id=nUYj1gTsoH&neighborhood=Ojai&brokerage=liveby&features=map,erica.sorensen@sothebys.realty
Santa Barbara and Santa Ynez Vallley,Santa Barbara Region Snapshot,Santa Barbara,,,https://www.sothebysrealty.com/eng/santa-barbara-real-estate/magazines/market,"2018, 2019, 2020, 2021",4,,5af8800b97c60e236c14c606,,SingleFamilyResidence,https://admin.liveby.com/preview.html?id=fgXj1gUprH&neighborhood=Santa%20Barbara&brokerage=liveby&features=map,erica.sorensen@sothebys.realty
Santa Barbara and Santa Ynez Vallley,Santa Barbara Region Snapshot,Santa Barbara,,,https://www.sothebysrealty.com/eng/santa-barbara-real-estate/magazines/market,"2018, 2019, 2020, 2021",4,,5af8800b97c60e236c14c606,,SingleFamilyResidence,https://admin.liveby.com/preview.html?id=fgXj1gUprH&neighborhood=Santa%20Barbara&brokerage=liveby&features=map,erica.sorensen@sothebys.realty
Santa Barbara and Santa Ynez Vallley,Santa Ynez Valley Region Snapshot,Ballard / Solvang,,,https://www.sothebysrealty.com/eng/santa-barbara-real-estate/magazines/market,"2018, 2019, 2020, 2021",4,,61c23701fcbff90008b7f4d1,,SingleFamilyResidence,https://admin.liveby.com/preview.html?id=TdYk1wmXuH&neighborhood=Ballard%20/%20Solvang&brokerage=liveby&features=map,erica.sorensen@sothebys.realty
Santa Barbara and Santa Ynez Vallley,Santa Ynez Valley Region Snapshot,Buellton,,,https://www.sothebysrealty.com/eng/santa-barbara-real-estate/magazines/market,"2018, 2019, 2020, 2021",4,,5af87fbb97c60e236c14c5e7,,SingleFamilyResidence,https://admin.liveby.com/preview.html?id=RTak1qZkuH&neighborhood=Buellton&brokerage=liveby&features=map,erica.sorensen@sothebys.realty
Santa Barbara and Santa Ynez Vallley,Santa Ynez Valley Region Snapshot,Los Olivos,,,https://www.sothebysrealty.com/eng/santa-barbara-real-estate/magazines/market,"2018, 2019, 2020, 2021",4,,5af88b79dd318e254785d714,,SingleFamilyResidence,https://admin.liveby.com/preview.html?id=lUkk1apVuH&neighborhood=Los%20Olivos&brokerage=liveby&features=map,erica.sorensen@sothebys.realty
Santa Barbara and Santa Ynez Vallley,Santa Ynez Valley Region Snapshot,Santa Ynez,,,https://www.sothebysrealty.com/eng/santa-barbara-real-estate/magazines/market,"2018, 2019, 2020, 2021",4,,5af88d95dd318e254785d829,,SingleFamilyResidence,https://admin.liveby.com/preview.html?id=bpYk1igRuH&neighborhood=Santa%20Ynez&brokerage=liveby&features=map,erica.sorensen@sothebys.realty
Santa Barbara and Santa Ynez Vallley,Santa Ynez Valley Region Snapshot,Santa Ynez Valley,,,https://www.sothebysrealty.com/eng/santa-barbara-real-estate/magazines/market,"2018, 2019, 2020, 2021",4,,61c4efeef72cf80009d3d439,,SingleFamilyResidence,https://admin.liveby.com/preview.html?id=drek1sSRuH&neighborhood=Santa%20Ynez%20Valley&brokerage=liveby&features=map,erica.sorensen@sothebys.realty
Santa Barbara and Santa Ynez Vallley,,Santa Barbara / Santa Ynez,,,https://www.sothebysrealty.com/eng/santa-barbara-real-estate/magazines/market,"2018, 2019, 2020, 2021",4,,61c4f3e16584510008338fb6,,SingleFamilyResidence,https://admin.liveby.com/preview.html?id=forj1ijusH&neighborhood=Santa%20Barbara%20/%20Santa%20Ynez%20Valley&brokerage=liveby&features=map,erica.sorensen@sothebys.realty
Santa Fe,All Albuquerque ,,,,,"2018, 2019, 2020, 2021",4,,5ac6685489609d000170038c,,SingleFamilyResidence,https://stage.admin.liveby.com/preview.html?stage=true&id=dfbn1adRcF&neighborhood=Albuquerque&brokerage=liveby&features=map,Ryan.Ferguson@sothebys.realty
Santa Fe,All Santa Fe,,,,,"2018, 2019, 2020, 2021",4,,5aff45cd46992cc3b7cce36d,,SingleFamilyResidence,https://admin.liveby.com/preview.html?id=fbbq1gpfYF&neighborhood=Santa%20Fe%20County&brokerage=liveby&features=map,Ryan.Ferguson@sothebys.realty
Santa Fe,,Eastside,,,,"2018, 2019, 2020, 2021",4,,5d8245cbcb118a0001879237,,SingleFamilyResidence,https://admin.liveby.com/preview.html?id=blpq1UoiXF&neighborhood=Sante%20Fe%20Histroic%20District%20/%20Historic%20Eastside&brokerage=liveby&features=map,Ryan.Ferguson@sothebys.realty
Santa Fe,,Eldorado,,,,"2018, 2019, 2020, 2021",4,,5afa1c83435ebd270db32441,,SingleFamilyResidence,https://admin.liveby.com/preview.html?id=Turp1cviXF&neighborhood=Eldorado%20at%20Santa%20Fe&brokerage=liveby&features=map,Ryan.Ferguson@sothebys.realty
Santa Fe,,Las Campanas,,,,"2018, 2019, 2020, 2021",4,,5d82437a30725700018859d3,,SingleFamilyResidence,https://admin.liveby.com/preview.html?id=tlwq1YUXYF&neighborhood=Las%20Campanas%20Estates&brokerage=liveby&features=map,Ryan.Ferguson@sothebys.realty
Santa Fe,,Northeast City,,,,"2018, 2019, 2020, 2021",4,,5e7d69a53212bd00011698b9,,SingleFamilyResidence,https://admin.liveby.com/preview.html?id=jfVn1YbSbF&neighborhood=Northeast%20Albuquerque&brokerage=liveby&features=map,Ryan.Ferguson@sothebys.realty
Santa Fe,,Northwest of City Limits,,,,"2018, 2019, 2020, 2021",4,,5e7d69a56830400001b6651a,,SingleFamilyResidence,https://admin.liveby.com/preview.html?id=TWmn1qhZcF&neighborhood=Northwest%20Albuquerque&brokerage=liveby&features=map,Ryan.Ferguson@sothebys.realty
Santa Fe,,Rancho Viejo,,,,"2018, 2019, 2020, 2021",4,,61eef01a9bfbcd0009b07150,,SingleFamilyResidence,https://admin.liveby.com/preview.html?id=RmZq1opTYF&neighborhood=Rancho%20Viejo&brokerage=liveby&features=map,Ryan.Ferguson@sothebys.realty
Santa Fe,,Southside,,,,"2018, 2019, 2020, 2021",4,,5cc0aa9376b01c00013ab881,,SingleFamilyResidence,https://admin.liveby.com/preview.html?id=Tpnm1gWYcF&neighborhood=Southside%20Farms&brokerage=liveby&features=map,Ryan.Ferguson@sothebys.realty
Santa Fe,,Tesuque,,,,"2018, 2019, 2020, 2021",4,,5afa1e1b435ebd270db32518,,SingleFamilyResidence,https://admin.liveby.com/preview.html?id=jRZr1ergXF&neighborhood=Tesuque&brokerage=liveby&features=map,Ryan.Ferguson@sothebys.realty
Santa Fe,,,,,,"2018, 2019, 2020, 2021",4,,5aff45cd46992cc3b7cce36d,,SingleFamilyResidence,https://admin.liveby.com/preview.html?id=fbbq1gpfYF&neighborhood=Santa%20Fe%20County&brokerage=liveby&features=map,Ryan.Ferguson@sothebys.realty
Sonoma - Napa Wine Country,Napa County,Calistoga,,"MLSListings, SFAR, ",https://www.sothebysrealty.com/eng/sonoma-real-estate/magazines/market,"2018, 2019, 2020, 2021",4,,5afc46a22f86c27281e526ec,mlslistings,SingleFamilyResidence,https://admin.liveby.com/preview.html?id=dtfb2wSSeI&neighborhood=Sonoma%20County&brokerage=liveby&features=map,kate.marburger@sothebys.realty
Sonoma - Napa Wine Country,Napa County,Napa,,"MLSListings, SFAR, ",https://www.sothebysrealty.com/eng/sonoma-real-estate/magazines/market,"2018, 2019, 2020, 2021",4,,5af87fb797c60e236c14c5e5,mlslistings,SingleFamilyResidence,https://admin.liveby.com/preview.html?id=rbgc2WaVdI&neighborhood=Calistoga&brokerage=liveby&features=map,kate.marburger@sothebys.realty
Sonoma - Napa Wine Country,Napa County,St Helena,,"MLSListings, SFAR, ",https://www.sothebysrealty.com/eng/sonoma-real-estate/magazines/market,"2018, 2019, 2020, 2021",4,,5af87fb897c60e236c14c5e6,mlslistings,SingleFamilyResidence,https://admin.liveby.com/preview.html?id=Zhcb2ktsbI&neighborhood=Yountville&brokerage=liveby&features=map,kate.marburger@sothebys.realty
Sonoma - Napa Wine Country,Napa County,Yountville,,"MLSListings, SFAR, ",https://www.sothebysrealty.com/eng/sonoma-real-estate/magazines/market,"2018, 2019, 2020, 2021",4,,5af87f4c97c60e236c14c5c0,mlslistings,SingleFamilyResidence,https://admin.liveby.com/preview.html?id=pkoa2wRfbI&neighborhood=Napa&brokerage=liveby&features=map,kate.marburger@sothebys.realty
Sonoma - Napa Wine Country,Napa County,,,"MLSListings, SFAR, ",https://www.sothebysrealty.com/eng/sonoma-real-estate/magazines/market,"2018, 2019, 2020, 2021",4,,5af87f4d97c60e236c14c5c1,mlslistings,SingleFamilyResidence,https://admin.liveby.com/preview.html?id=XcSc2mbfcI&neighborhood=St.%20Helena&brokerage=liveby&features=map,kate.marburger@sothebys.realty
Sonoma - Napa Wine Country,Sonoma County,Healdsburg,,"MLSListings, SFAR, ",https://www.sothebysrealty.com/eng/sonoma-real-estate/magazines/market,"2018, 2019, 2020, 2021",4,,5af87dcd97c60e236c14c53e,mlslistings,SingleFamilyResidence,https://admin.liveby.com/preview.html?id=bpea2kYhdI&neighborhood=Petaluma&brokerage=liveby&features=map,kate.marburger@sothebys.realty
Sonoma - Napa Wine Country,Sonoma County,Petaluma,,"MLSListings, SFAR, ",https://www.sothebysrealty.com/eng/sonoma-real-estate/magazines/market,"2018, 2019, 2020, 2021",4,,5af6129c58e8cb18e56cc09b,mlslistings,SingleFamilyResidence,https://admin.liveby.com/preview.html?id=locb2sZneI&neighborhood=Sebastopol&brokerage=liveby&features=map,kate.marburger@sothebys.realty
Sonoma - Napa Wine Country,Sonoma County,Russian River,,"MLSListings, SFAR, ",https://www.sothebysrealty.com/eng/sonoma-real-estate/magazines/market,"2018, 2019, 2020, 2021",4,,608aafcff2d7f10009478628,mlslistings,SingleFamilyResidence,https://admin.liveby.com/preview.html?id=nlnb2utfgI&neighborhood=Coastal%20Sonoma&brokerage=liveby&features=map,kate.marburger@sothebys.realty
Sonoma - Napa Wine Country,Sonoma County,Santa Rosa,,"MLSListings, SFAR, ",https://www.sothebysrealty.com/eng/sonoma-real-estate/magazines/market,"2018, 2019, 2020, 2021",4,,5f2979ad88c77d000122284e,mlslistings,SingleFamilyResidence,https://admin.liveby.com/preview.html?id=rXpb2obrfI&neighborhood=Russian%20River&brokerage=liveby&features=map,kate.marburger@sothebys.realty
Sonoma - Napa Wine Country,Sonoma County,Sebastopol,,"MLSListings, SFAR, ",https://www.sothebysrealty.com/eng/sonoma-real-estate/magazines/market,"2018, 2019, 2020, 2021",4,,5af87dd797c60e236c14c53f,mlslistings,SingleFamilyResidence,https://admin.liveby.com/preview.html?id=jakb2iXReI&neighborhood=Santa%20Rosa&brokerage=liveby&features=map,kate.marburger@sothebys.realty
Sonoma - Napa Wine Country,Sonoma County,Sonoma Coast,,"MLSListings, SFAR, ",https://www.sothebysrealty.com/eng/sonoma-real-estate/magazines/market,"2018, 2019, 2020, 2021",4,,608aafcff2d7f10009478628,mlslistings,SingleFamilyResidence,https://admin.liveby.com/preview.html?id=nlnb2utfgI&neighborhood=Coastal%20Sonoma&brokerage=liveby&features=map,kate.marburger@sothebys.realty
Sonoma - Napa Wine Country,Sonoma County,Sonoma Valley,,"MLSListings, SFAR, ",https://www.sothebysrealty.com/eng/sonoma-real-estate/magazines/market,"2018, 2019, 2020, 2021",4,,5af87f2297c60e236c14c5b2,mlslistings,SingleFamilyResidence,https://admin.liveby.com/preview.html?id=fqnc2wqteI&neighborhood=Healdsburg&brokerage=liveby&features=map,kate.marburger@sothebys.realty
Sonoma - Napa Wine Country,Sonoma County,,,"MLSListings, SFAR, ",https://www.sothebysrealty.com/eng/sonoma-real-estate/magazines/market,"2018, 2019, 2020, 2021",4,,608aafd5c074ce0009c88670,mlslistings,SingleFamilyResidence,https://admin.liveby.com/preview.html?id=Tgva2UokcI&neighborhood=Sonoma%20Valley&brokerage=liveby&features=map,kate.marburger@sothebys.realty
Sonoma - Napa Wine Country,,,,"MLSListings, SFAR, ",https://www.sothebysrealty.com/eng/sonoma-real-estate/magazines/market,"2018, 2019, 2020, 2021",4,,61cb6bffec55d3e2a5bf1d17,mlslistings,SingleFamilyResidence,https://admin.liveby.com/preview.html?stage=true&id=XiXc2koXcI&neighborhood=Wine%20Country&brokerage=liveby&features=map,kate.marburger@sothebys.realty